"dataset","variant_string","counts"
"Lmono-454-LGC-1","GCA",76
"Lmono-454-LGC-1","GCG",1994
"Lmono-454-LGC-1","GTA",754
"Lmono-454-LGC-1","GTG",2187
"Lmono-454-LGC-1","TCA",57
"Lmono-454-LGC-1","TCG",1210
"Lmono-454-LGC-1","TTA",2
"Lmono-454-LGC-1","TTG",11
"Lmono-454-LGC-2","GCA",1316
"Lmono-454-LGC-2","GCG",16908
"Lmono-454-LGC-2","GTA",3884
"Lmono-454-LGC-2","GTG",19252
"Lmono-454-LGC-2","TCA",550
"Lmono-454-LGC-2","TCG",7731
"Lmono-454-LGC-2","TTA",20
"Lmono-454-LGC-2","TTG",104
"Lmono-454-LGC-3","GCA",1161
"Lmono-454-LGC-3","GCG",15084
"Lmono-454-LGC-3","GTA",3858
"Lmono-454-LGC-3","GTG",16435
"Lmono-454-LGC-3","TCA",590
"Lmono-454-LGC-3","TCG",6705
"Lmono-454-LGC-3","TTA",17
"Lmono-454-LGC-3","TTG",88
"Lmono-454-NMIA-1","GCA",76
"Lmono-454-NMIA-1","GCG",1957
"Lmono-454-NMIA-1","GTA",747
"Lmono-454-NMIA-1","GTG",2157
"Lmono-454-NMIA-1","TCA",56
"Lmono-454-NMIA-1","TCG",1196
"Lmono-454-NMIA-1","TTA",2
"Lmono-454-NMIA-1","TTG",11
"Lmono-LGC-Sanger-Clones.csv","GCA",0
"Lmono-LGC-Sanger-Clones.csv","GCG",6
"Lmono-LGC-Sanger-Clones.csv","GTA",3
"Lmono-LGC-Sanger-Clones.csv","GTG",10
"Lmono-LGC-Sanger-Clones.csv","TCA",0
"Lmono-LGC-Sanger-Clones.csv","TCG",3
"Lmono-LGC-Sanger-Clones.csv","TTA",0
"Lmono-LGC-Sanger-Clones.csv","TTG",0
"Lmono-NIST-Sanger-Clones.csv","GCA",2
"Lmono-NIST-Sanger-Clones.csv","GCG",8
"Lmono-NIST-Sanger-Clones.csv","GTA",4
"Lmono-NIST-Sanger-Clones.csv","GTG",15
"Lmono-NIST-Sanger-Clones.csv","TCA",1
"Lmono-NIST-Sanger-Clones.csv","TCG",6
"Lmono-NIST-Sanger-Clones.csv","TTA",0
"Lmono-NIST-Sanger-Clones.csv","TTG",0
"Ecoli-454-LGC-1","ACCGATTGTA",21960
"Ecoli-454-LGC-1","ACCGATTGTG",20920
"Ecoli-454-LGC-1","GGTAGAATCA",896
"Ecoli-454-LGC-1","GGTAGAATCG",5638
"Ecoli-454-LGC-2","ACCGATTGTA",7790
"Ecoli-454-LGC-2","ACCGATTGTG",8669
"Ecoli-454-LGC-2","GGTAGAATCA",311
"Ecoli-454-LGC-2","GGTAGAATCG",1849
"Ecoli-454-LGC-3","ACCGATTGTA",8525
"Ecoli-454-LGC-3","ACCGATTGTG",9513
"Ecoli-454-LGC-3","GGTAGAATCA",689
"Ecoli-454-LGC-3","GGTAGAATCG",3843
"Ecoli-454-NMIA-1","ACCGATTGTA",950
"Ecoli-454-NMIA-1","ACCGATTGTG",1079
"Ecoli-454-NMIA-1","GGTAGAATCA",100
"Ecoli-454-NMIA-1","GGTAGAATCG",447
"Ecoli-LGC-Sanger-Clones.csv","ACCGATTGTA",11
"Ecoli-LGC-Sanger-Clones.csv","ACCGATTGTG",11
"Ecoli-LGC-Sanger-Clones.csv","GGTAGAATCA",0
"Ecoli-LGC-Sanger-Clones.csv","GGTAGAATCG",1
"Ecoli-NIST-Sanger-Clones.csv","ACCGATTGTA",10
"Ecoli-NIST-Sanger-Clones.csv","ACCGATTGTG",16
"Ecoli-NIST-Sanger-Clones.csv","GGTAGAATCA",2
"Ecoli-NIST-Sanger-Clones.csv","GGTAGAATCG",1
