"variant_string","counts","dataset"
"AACGATTGCA",2,"Ecoli-454-LGC-1"
"AACGATTGCG",2,"Ecoli-454-LGC-1"
"AACGATTGTA",13,"Ecoli-454-LGC-1"
"AACGATTGTG",31,"Ecoli-454-LGC-1"
"AACGATTGTN",1,"Ecoli-454-LGC-1"
"AACGATTGTT",1,"Ecoli-454-LGC-1"
"ACAGATTGTG",1,"Ecoli-454-LGC-1"
"ACCAATTGTA",4,"Ecoli-454-LGC-1"
"ACCAATTGTG",2,"Ecoli-454-LGC-1"
"ACCAGAATCA",6,"Ecoli-454-LGC-1"
"ACCAGAATCG",9,"Ecoli-454-LGC-1"
"ACCAGAATTG",1,"Ecoli-454-LGC-1"
"ACCAGTAACG",1,"Ecoli-454-LGC-1"
"ACCAGTAGCG",1,"Ecoli-454-LGC-1"
"ACCAGTTGTA",3,"Ecoli-454-LGC-1"
"ACCATTAGTA",1,"Ecoli-454-LGC-1"
"ACCATTAGTG",2,"Ecoli-454-LGC-1"
"ACCATTTGTA",2,"Ecoli-454-LGC-1"
"ACCATTTGTG",1,"Ecoli-454-LGC-1"
"ACCGACTGTA",7,"Ecoli-454-LGC-1"
"ACCGACTGTG",4,"Ecoli-454-LGC-1"
"ACCGATAGCG",1,"Ecoli-454-LGC-1"
"ACCGATCGTA",17,"Ecoli-454-LGC-1"
"ACCGATCGTG",14,"Ecoli-454-LGC-1"
"ACCGATGGTA",1,"Ecoli-454-LGC-1"
"ACCGATTATA",7,"Ecoli-454-LGC-1"
"ACCGATTATG",6,"Ecoli-454-LGC-1"
"ACCGATTGAG",4,"Ecoli-454-LGC-1"
"ACCGATTGCA",35,"Ecoli-454-LGC-1"
"ACCGATTGCG",96,"Ecoli-454-LGC-1"
"ACCGATTGGA",3,"Ecoli-454-LGC-1"
"ACCGATTGGG",9,"Ecoli-454-LGC-1"
"ACCGATTGNA",1,"Ecoli-454-LGC-1"
"ACCGATTGTA",21960,"Ecoli-454-LGC-1"
"ACCGATTGTC",7,"Ecoli-454-LGC-1"
"ACCGATTGTG",20920,"Ecoli-454-LGC-1"
"ACCGATTGTN",4,"Ecoli-454-LGC-1"
"ACCGATTGTT",275,"Ecoli-454-LGC-1"
"ACCGGTTGTA",10,"Ecoli-454-LGC-1"
"ACCGGTTGTG",11,"Ecoli-454-LGC-1"
"ACCGGTTGTT",1,"Ecoli-454-LGC-1"
"ACGGATTGTA",1,"Ecoli-454-LGC-1"
"ACTAGAATCA",2,"Ecoli-454-LGC-1"
"ACTGATTGTA",4,"Ecoli-454-LGC-1"
"ACTGATTGTG",7,"Ecoli-454-LGC-1"
"AGCGATTGCG",1,"Ecoli-454-LGC-1"
"AGCGATTGTA",21,"Ecoli-454-LGC-1"
"AGCGATTGTG",28,"Ecoli-454-LGC-1"
"AGTAGAATCA",3,"Ecoli-454-LGC-1"
"AGTAGAATCG",8,"Ecoli-454-LGC-1"
"ATCAGTAGCG",1,"Ecoli-454-LGC-1"
"ATCGATTGCG",1,"Ecoli-454-LGC-1"
"ATCGATTGTA",9,"Ecoli-454-LGC-1"
"ATCGATTGTG",25,"Ecoli-454-LGC-1"
"CCCGATTGGG",1,"Ecoli-454-LGC-1"
"CCCGATTGTA",1,"Ecoli-454-LGC-1"
"CCCGATTGTC",1,"Ecoli-454-LGC-1"
"CCCGATTGTG",5,"Ecoli-454-LGC-1"
"GACGATTGTG",1,"Ecoli-454-LGC-1"
"GATAGAATCG",1,"Ecoli-454-LGC-1"
"GCCAGAATCG",4,"Ecoli-454-LGC-1"
"GCCGACTGTG",1,"Ecoli-454-LGC-1"
"GCCGATAGCG",1,"Ecoli-454-LGC-1"
"GCCGATCGTG",2,"Ecoli-454-LGC-1"
"GCCGATTGCA",3,"Ecoli-454-LGC-1"
"GCCGATTGCG",4,"Ecoli-454-LGC-1"
"GCCGATTGTA",209,"Ecoli-454-LGC-1"
"GCCGATTGTG",3156,"Ecoli-454-LGC-1"
"GCCGATTGTT",2,"Ecoli-454-LGC-1"
"GCCTATTGTG",1,"Ecoli-454-LGC-1"
"GCTGATTGTG",1,"Ecoli-454-LGC-1"
"GGAAGAATCG",6,"Ecoli-454-LGC-1"
"GGAAGAATTG",2,"Ecoli-454-LGC-1"
"GGCAGAATCG",2,"Ecoli-454-LGC-1"
"GGCAGAATCT",1,"Ecoli-454-LGC-1"
"GGCAGAATTA",1,"Ecoli-454-LGC-1"
"GGCAGAATTG",1,"Ecoli-454-LGC-1"
"GGCAGTAACG",1,"Ecoli-454-LGC-1"
"GGCGATTGTA",3,"Ecoli-454-LGC-1"
"GGCGATTGTG",3,"Ecoli-454-LGC-1"
"GGGAAAATCG",1,"Ecoli-454-LGC-1"
"GGTAAAATCA",1,"Ecoli-454-LGC-1"
"GGTAAAATCG",2,"Ecoli-454-LGC-1"
"GGTAAAGTCG",1,"Ecoli-454-LGC-1"
"GGTAAATGCA",1,"Ecoli-454-LGC-1"
"GGTAAATGCG",1,"Ecoli-454-LGC-1"
"GGTAGAACCG",4,"Ecoli-454-LGC-1"
"GGTAGAAGCA",6,"Ecoli-454-LGC-1"
"GGTAGAAGCG",19,"Ecoli-454-LGC-1"
"GGTAGAANCG",1,"Ecoli-454-LGC-1"
"GGTAGAATCA",896,"Ecoli-454-LGC-1"
"GGTAGAATCC",1,"Ecoli-454-LGC-1"
"GGTAGAATCG",5638,"Ecoli-454-LGC-1"
"GGTAGAATCT",5,"Ecoli-454-LGC-1"
"GGTAGAATTA",22,"Ecoli-454-LGC-1"
"GGTAGAATTG",29,"Ecoli-454-LGC-1"
"GGTAGAGTCG",6,"Ecoli-454-LGC-1"
"GGTAGTAACA",1,"Ecoli-454-LGC-1"
"GGTAGTAACG",3,"Ecoli-454-LGC-1"
"GGTAGTAGCA",1,"Ecoli-454-LGC-1"
"GGTGAATGTG",1,"Ecoli-454-LGC-1"
"GGTGAGACCG",1,"Ecoli-454-LGC-1"
"GGTGATTGTA",5,"Ecoli-454-LGC-1"
"GGTGATTGTG",1,"Ecoli-454-LGC-1"
"GGTGGAATCA",1,"Ecoli-454-LGC-1"
"GTCAGAAGCG",1,"Ecoli-454-LGC-1"
"GTTAGAATCG",5,"Ecoli-454-LGC-1"
"NCCGATTGTA",1,"Ecoli-454-LGC-1"
"NCCGATTGTG",1,"Ecoli-454-LGC-1"
"AACGATTGCA",1,"Ecoli-454-LGC-2"
"AACGATTGTA",1,"Ecoli-454-LGC-2"
"AACGATTGTG",1,"Ecoli-454-LGC-2"
"ACCAATTGTA",2,"Ecoli-454-LGC-2"
"ACCAATTGTG",3,"Ecoli-454-LGC-2"
"ACCAGAATCA",1,"Ecoli-454-LGC-2"
"ACCAGAATCG",6,"Ecoli-454-LGC-2"
"ACCAGTAGCG",1,"Ecoli-454-LGC-2"
"ACCAGTTGTG",1,"Ecoli-454-LGC-2"
"ACCATTAGCG",1,"Ecoli-454-LGC-2"
"ACCGACTGTA",3,"Ecoli-454-LGC-2"
"ACCGACTGTG",1,"Ecoli-454-LGC-2"
"ACCGAGTTTG",1,"Ecoli-454-LGC-2"
"ACCGATCGTA",7,"Ecoli-454-LGC-2"
"ACCGATCGTG",3,"Ecoli-454-LGC-2"
"ACCGATTATA",2,"Ecoli-454-LGC-2"
"ACCGATTATC",1,"Ecoli-454-LGC-2"
"ACCGATTATG",5,"Ecoli-454-LGC-2"
"ACCGATTGAA",1,"Ecoli-454-LGC-2"
"ACCGATTGAG",3,"Ecoli-454-LGC-2"
"ACCGATTGCA",27,"Ecoli-454-LGC-2"
"ACCGATTGCG",49,"Ecoli-454-LGC-2"
"ACCGATTGGA",3,"Ecoli-454-LGC-2"
"ACCGATTGGG",3,"Ecoli-454-LGC-2"
"ACCGATTGNA",1,"Ecoli-454-LGC-2"
"ACCGATTGNG",2,"Ecoli-454-LGC-2"
"ACCGATTGTA",7790,"Ecoli-454-LGC-2"
"ACCGATTGTC",4,"Ecoli-454-LGC-2"
"ACCGATTGTG",8669,"Ecoli-454-LGC-2"
"ACCGATTGTT",91,"Ecoli-454-LGC-2"
"ACCGGTTGTA",4,"Ecoli-454-LGC-2"
"ACTAGAATCG",2,"Ecoli-454-LGC-2"
"ACTGATTGTG",3,"Ecoli-454-LGC-2"
"AGCGATTGAA",1,"Ecoli-454-LGC-2"
"AGCGATTGCG",1,"Ecoli-454-LGC-2"
"AGCGATTGGA",1,"Ecoli-454-LGC-2"
"AGCGATTGNA",1,"Ecoli-454-LGC-2"
"AGCGATTGTA",57,"Ecoli-454-LGC-2"
"AGCGATTGTG",102,"Ecoli-454-LGC-2"
"AGCGATTGTT",1,"Ecoli-454-LGC-2"
"AGTGATTGTA",1,"Ecoli-454-LGC-2"
"ATCGACTGTA",1,"Ecoli-454-LGC-2"
"ATCGATTGTA",6,"Ecoli-454-LGC-2"
"ATCGATTGTG",27,"Ecoli-454-LGC-2"
"CCCGATTGTG",7,"Ecoli-454-LGC-2"
"CGCGATTGTA",1,"Ecoli-454-LGC-2"
"GCCGATTGTA",5,"Ecoli-454-LGC-2"
"GCCGATTGTG",17,"Ecoli-454-LGC-2"
"GCCGATTGTT",1,"Ecoli-454-LGC-2"
"GGAAATTGCG",1,"Ecoli-454-LGC-2"
"GGAAGAAGCG",1,"Ecoli-454-LGC-2"
"GGAAGAATCA",3,"Ecoli-454-LGC-2"
"GGAAGAATCG",14,"Ecoli-454-LGC-2"
"GGCAGAAGCG",4,"Ecoli-454-LGC-2"
"GGCAGAATCA",4,"Ecoli-454-LGC-2"
"GGCAGAATCG",25,"Ecoli-454-LGC-2"
"GGCAGTAACG",1,"Ecoli-454-LGC-2"
"GGCGAATGCG",3,"Ecoli-454-LGC-2"
"GGCGAGATCG",2,"Ecoli-454-LGC-2"
"GGCGATTGTG",1,"Ecoli-454-LGC-2"
"GGGAGAAGCG",5,"Ecoli-454-LGC-2"
"GGGAGAATCA",2,"Ecoli-454-LGC-2"
"GGGAGAATCG",6,"Ecoli-454-LGC-2"
"GGTAAATTCG",1,"Ecoli-454-LGC-2"
"GGTAGAACCG",2,"Ecoli-454-LGC-2"
"GGTAGAAGCA",1,"Ecoli-454-LGC-2"
"GGTAGAAGCG",12,"Ecoli-454-LGC-2"
"GGTAGAATCA",311,"Ecoli-454-LGC-2"
"GGTAGAATCC",1,"Ecoli-454-LGC-2"
"GGTAGAATCG",1849,"Ecoli-454-LGC-2"
"GGTAGAATCT",1,"Ecoli-454-LGC-2"
"GGTAGAATGG",1,"Ecoli-454-LGC-2"
"GGTAGAATTA",12,"Ecoli-454-LGC-2"
"GGTAGAATTG",11,"Ecoli-454-LGC-2"
"GGTAGAGTCA",1,"Ecoli-454-LGC-2"
"GGTAGAGTCG",3,"Ecoli-454-LGC-2"
"GGTAGGATCG",1,"Ecoli-454-LGC-2"
"GGTGATTGTA",1,"Ecoli-454-LGC-2"
"GGTGATTGTG",5,"Ecoli-454-LGC-2"
"GGTGGAATCG",2,"Ecoli-454-LGC-2"
"GTAAGAATCG",1,"Ecoli-454-LGC-2"
"GTCAAATGCG",1,"Ecoli-454-LGC-2"
"NCCGATTGTA",2,"Ecoli-454-LGC-2"
"NCCGATTGTG",3,"Ecoli-454-LGC-2"
"TCCGATTGTG",1,"Ecoli-454-LGC-2"
"TGCGATTGTG",1,"Ecoli-454-LGC-2"
"AACGATTGCA",2,"Ecoli-454-LGC-3"
"AACGATTGTA",14,"Ecoli-454-LGC-3"
"AACGATTGTG",9,"Ecoli-454-LGC-3"
"ACCAATTGTA",2,"Ecoli-454-LGC-3"
"ACCAATTGTG",3,"Ecoli-454-LGC-3"
"ACCAGAATCA",2,"Ecoli-454-LGC-3"
"ACCAGAATCG",6,"Ecoli-454-LGC-3"
"ACCAGAATTA",2,"Ecoli-454-LGC-3"
"ACCAGTAGCA",1,"Ecoli-454-LGC-3"
"ACCAGTAGCG",1,"Ecoli-454-LGC-3"
"ACCATNTGTA",1,"Ecoli-454-LGC-3"
"ACCGACTGTA",2,"Ecoli-454-LGC-3"
"ACCGACTGTG",2,"Ecoli-454-LGC-3"
"ACCGAGTGTG",1,"Ecoli-454-LGC-3"
"ACCGATCGTA",6,"Ecoli-454-LGC-3"
"ACCGATCGTG",4,"Ecoli-454-LGC-3"
"ACCGATTATA",1,"Ecoli-454-LGC-3"
"ACCGATTATG",4,"Ecoli-454-LGC-3"
"ACCGATTATT",1,"Ecoli-454-LGC-3"
"ACCGATTCTG",1,"Ecoli-454-LGC-3"
"ACCGATTGAA",1,"Ecoli-454-LGC-3"
"ACCGATTGCA",14,"Ecoli-454-LGC-3"
"ACCGATTGCG",18,"Ecoli-454-LGC-3"
"ACCGATTGGG",1,"Ecoli-454-LGC-3"
"ACCGATTGNG",1,"Ecoli-454-LGC-3"
"ACCGATTGTA",8525,"Ecoli-454-LGC-3"
"ACCGATTGTC",3,"Ecoli-454-LGC-3"
"ACCGATTGTG",9513,"Ecoli-454-LGC-3"
"ACCGATTGTN",1,"Ecoli-454-LGC-3"
"ACCGATTGTT",109,"Ecoli-454-LGC-3"
"ACCGGTTGTA",5,"Ecoli-454-LGC-3"
"ACCGGTTGTG",10,"Ecoli-454-LGC-3"
"ACTAGTAGCG",1,"Ecoli-454-LGC-3"
"ACTGAGTGTG",1,"Ecoli-454-LGC-3"
"ACTGATTGTA",12,"Ecoli-454-LGC-3"
"ACTGATTGTG",11,"Ecoli-454-LGC-3"
"AGCGATTGTA",1,"Ecoli-454-LGC-3"
"AGTAGAATCG",1,"Ecoli-454-LGC-3"
"AGTAGTAACG",1,"Ecoli-454-LGC-3"
"ATCAATTGTG",1,"Ecoli-454-LGC-3"
"ATCAGAATCA",1,"Ecoli-454-LGC-3"
"ATCAGAATCG",7,"Ecoli-454-LGC-3"
"ATCGACTGTA",2,"Ecoli-454-LGC-3"
"ATCGACTGTG",6,"Ecoli-454-LGC-3"
"ATCGATCGTA",2,"Ecoli-454-LGC-3"
"ATCGATCGTG",3,"Ecoli-454-LGC-3"
"ATCGATTGCA",6,"Ecoli-454-LGC-3"
"ATCGATTGCG",8,"Ecoli-454-LGC-3"
"ATCGATTGTA",1819,"Ecoli-454-LGC-3"
"ATCGATTGTG",3170,"Ecoli-454-LGC-3"
"ATCGATTGTT",1,"Ecoli-454-LGC-3"
"ATCGGTTGTG",1,"Ecoli-454-LGC-3"
"ATTGATTGTA",1,"Ecoli-454-LGC-3"
"GATAGAATCG",1,"Ecoli-454-LGC-3"
"GCCGATTGTA",26,"Ecoli-454-LGC-3"
"GCCGATTGTG",27,"Ecoli-454-LGC-3"
"GGAAAATGCA",1,"Ecoli-454-LGC-3"
"GGAAAATGCG",1,"Ecoli-454-LGC-3"
"GGAAAATTTG",1,"Ecoli-454-LGC-3"
"GGAAGAATCA",1,"Ecoli-454-LGC-3"
"GGAAGAATCG",4,"Ecoli-454-LGC-3"
"GGAAGAATTA",1,"Ecoli-454-LGC-3"
"GGAAGAATTG",1,"Ecoli-454-LGC-3"
"GGCAAATGCG",1,"Ecoli-454-LGC-3"
"GGCAGAATCA",3,"Ecoli-454-LGC-3"
"GGCAGAATCG",7,"Ecoli-454-LGC-3"
"GGCGATTGTA",1,"Ecoli-454-LGC-3"
"GGCGATTGTG",3,"Ecoli-454-LGC-3"
"GGGAAAATCG",1,"Ecoli-454-LGC-3"
"GGGAGAATCA",1,"Ecoli-454-LGC-3"
"GGGAGAATCG",1,"Ecoli-454-LGC-3"
"GGTAAAATCG",3,"Ecoli-454-LGC-3"
"GGTAAATNCG",1,"Ecoli-454-LGC-3"
"GGTAGAACCG",2,"Ecoli-454-LGC-3"
"GGTAGAAGCA",1,"Ecoli-454-LGC-3"
"GGTAGAAGCG",7,"Ecoli-454-LGC-3"
"GGTAGAATCA",689,"Ecoli-454-LGC-3"
"GGTAGAATCC",1,"Ecoli-454-LGC-3"
"GGTAGAATCG",3843,"Ecoli-454-LGC-3"
"GGTAGAATCT",2,"Ecoli-454-LGC-3"
"GGTAGAATTA",14,"Ecoli-454-LGC-3"
"GGTAGAATTG",20,"Ecoli-454-LGC-3"
"GGTAGAGTCA",1,"Ecoli-454-LGC-3"
"GGTAGAGTCG",3,"Ecoli-454-LGC-3"
"GGTAGGATCA",1,"Ecoli-454-LGC-3"
"GGTAGGATCG",1,"Ecoli-454-LGC-3"
"GGTAGTAACG",1,"Ecoli-454-LGC-3"
"GGTAGTATCG",1,"Ecoli-454-LGC-3"
"GGTGAGAACG",1,"Ecoli-454-LGC-3"
"GGTGATTGTA",5,"Ecoli-454-LGC-3"
"GGTGATTGTG",4,"Ecoli-454-LGC-3"
"GGTGGAATCG",1,"Ecoli-454-LGC-3"
"GGTNGAATCG",1,"Ecoli-454-LGC-3"
"GTCGATTGTA",2,"Ecoli-454-LGC-3"
"GTCGATTGTG",6,"Ecoli-454-LGC-3"
"GTTAGAATCG",3,"Ecoli-454-LGC-3"
"NTCGATTGTA",1,"Ecoli-454-LGC-3"
"NTCGATTGTT",1,"Ecoli-454-LGC-3"
"TGCGACGGTG",1,"Ecoli-454-LGC-3"
"AACGATTGTG",1,"Ecoli-454-NMIA-1"
"ACCAATTGTA",1,"Ecoli-454-NMIA-1"
"ACCAGAATCG",1,"Ecoli-454-NMIA-1"
"ACCAGAATTA",1,"Ecoli-454-NMIA-1"
"ACCATTAGTA",1,"Ecoli-454-NMIA-1"
"ACCGACTGTA",1,"Ecoli-454-NMIA-1"
"ACCGACTGTG",2,"Ecoli-454-NMIA-1"
"ACCGATAGTG",1,"Ecoli-454-NMIA-1"
"ACCGATCGTA",1,"Ecoli-454-NMIA-1"
"ACCGATCGTG",1,"Ecoli-454-NMIA-1"
"ACCGATTATA",1,"Ecoli-454-NMIA-1"
"ACCGATTGCA",2,"Ecoli-454-NMIA-1"
"ACCGATTGCG",4,"Ecoli-454-NMIA-1"
"ACCGATTGTA",950,"Ecoli-454-NMIA-1"
"ACCGATTGTC",1,"Ecoli-454-NMIA-1"
"ACCGATTGTG",1079,"Ecoli-454-NMIA-1"
"ACCGATTGTN",1,"Ecoli-454-NMIA-1"
"ACCGATTGTT",7,"Ecoli-454-NMIA-1"
"ACCGGTTGTG",3,"Ecoli-454-NMIA-1"
"AGCGACTGTA",1,"Ecoli-454-NMIA-1"
"AGTAGAATCA",2,"Ecoli-454-NMIA-1"
"AGTAGAATCG",5,"Ecoli-454-NMIA-1"
"AGTGATTGTG",1,"Ecoli-454-NMIA-1"
"CCCGATTGTA",1,"Ecoli-454-NMIA-1"
"GCCGATTGTA",9,"Ecoli-454-NMIA-1"
"GCCGATTGTG",6,"Ecoli-454-NMIA-1"
"GGAAGAATCA",4,"Ecoli-454-NMIA-1"
"GGAAGAATCG",3,"Ecoli-454-NMIA-1"
"GGCAGAATCG",2,"Ecoli-454-NMIA-1"
"GGCGATTGCA",1,"Ecoli-454-NMIA-1"
"GGCGATTGTA",1,"Ecoli-454-NMIA-1"
"GGCGATTGTG",3,"Ecoli-454-NMIA-1"
"GGTAAAATCG",1,"Ecoli-454-NMIA-1"
"GGTAAATGCA",1,"Ecoli-454-NMIA-1"
"GGTAAATGCG",1,"Ecoli-454-NMIA-1"
"GGTAGAACCG",1,"Ecoli-454-NMIA-1"
"GGTAGAAGCG",7,"Ecoli-454-NMIA-1"
"GGTAGAATCA",100,"Ecoli-454-NMIA-1"
"GGTAGAATCG",447,"Ecoli-454-NMIA-1"
"GGTAGAATTA",1,"Ecoli-454-NMIA-1"
"GGTAGAATTG",1,"Ecoli-454-NMIA-1"
"GGTAGAGTCA",1,"Ecoli-454-NMIA-1"
"GGTAGAGTCG",4,"Ecoli-454-NMIA-1"
"GGTAGGATCA",1,"Ecoli-454-NMIA-1"
"GGTAGTTGTG",1,"Ecoli-454-NMIA-1"
"GGTGATTGTA",1,"Ecoli-454-NMIA-1"
"GGTGATTGTG",1,"Ecoli-454-NMIA-1"
"GGTGGAATCG",1,"Ecoli-454-NMIA-1"
"TCCGATTGTA",1,"Ecoli-454-NMIA-1"
"TCCGATTGTG",1,"Ecoli-454-NMIA-1"
"ACG",2,"Lmono-454-LGC-1"
"CCG",1,"Lmono-454-LGC-1"
"GCA",76,"Lmono-454-LGC-1"
"GCG",1994,"Lmono-454-LGC-1"
"GCT",1,"Lmono-454-LGC-1"
"GGA",16,"Lmono-454-LGC-1"
"GGG",291,"Lmono-454-LGC-1"
"GTA",754,"Lmono-454-LGC-1"
"GTG",2187,"Lmono-454-LGC-1"
"GTT",3,"Lmono-454-LGC-1"
"TCA",57,"Lmono-454-LGC-1"
"TCG",1210,"Lmono-454-LGC-1"
"TGG",3,"Lmono-454-LGC-1"
"TTA",2,"Lmono-454-LGC-1"
"TTG",11,"Lmono-454-LGC-1"
"ACG",2,"Lmono-454-LGC-2"
"ATG",1,"Lmono-454-LGC-2"
"CCG",3,"Lmono-454-LGC-2"
"CGG",1,"Lmono-454-LGC-2"
"CTG",1,"Lmono-454-LGC-2"
"GAA",1,"Lmono-454-LGC-2"
"GAG",1,"Lmono-454-LGC-2"
"GCA",1316,"Lmono-454-LGC-2"
"GCG",16908,"Lmono-454-LGC-2"
"GCT",10,"Lmono-454-LGC-2"
"GGA",32,"Lmono-454-LGC-2"
"GGG",266,"Lmono-454-LGC-2"
"GNG",1,"Lmono-454-LGC-2"
"GTA",3884,"Lmono-454-LGC-2"
"GTG",19252,"Lmono-454-LGC-2"
"GTT",7,"Lmono-454-LGC-2"
"TCA",550,"Lmono-454-LGC-2"
"TCG",7731,"Lmono-454-LGC-2"
"TCT",5,"Lmono-454-LGC-2"
"TGG",5,"Lmono-454-LGC-2"
"TTA",20,"Lmono-454-LGC-2"
"TTG",104,"Lmono-454-LGC-2"
"ACG",1,"Lmono-454-LGC-3"
"ATA",2,"Lmono-454-LGC-3"
"ATG",6,"Lmono-454-LGC-3"
"CCG",2,"Lmono-454-LGC-3"
"CTG",2,"Lmono-454-LGC-3"
"GAG",4,"Lmono-454-LGC-3"
"GCA",1161,"Lmono-454-LGC-3"
"GCG",15084,"Lmono-454-LGC-3"
"GCT",5,"Lmono-454-LGC-3"
"GGA",26,"Lmono-454-LGC-3"
"GGG",181,"Lmono-454-LGC-3"
"GNG",1,"Lmono-454-LGC-3"
"GTA",3858,"Lmono-454-LGC-3"
"GTG",16435,"Lmono-454-LGC-3"
"GTT",5,"Lmono-454-LGC-3"
"TCA",590,"Lmono-454-LGC-3"
"TCG",6705,"Lmono-454-LGC-3"
"TCT",2,"Lmono-454-LGC-3"
"TGG",6,"Lmono-454-LGC-3"
"TTA",17,"Lmono-454-LGC-3"
"TTG",88,"Lmono-454-LGC-3"
"ACG",2,"Lmono-454-NMIA-1"
"CCG",1,"Lmono-454-NMIA-1"
"GCA",76,"Lmono-454-NMIA-1"
"GCG",1957,"Lmono-454-NMIA-1"
"GCT",1,"Lmono-454-NMIA-1"
"GGA",16,"Lmono-454-NMIA-1"
"GGG",290,"Lmono-454-NMIA-1"
"GTA",747,"Lmono-454-NMIA-1"
"GTG",2157,"Lmono-454-NMIA-1"
"GTT",3,"Lmono-454-NMIA-1"
"TCA",56,"Lmono-454-NMIA-1"
"TCG",1196,"Lmono-454-NMIA-1"
"TGG",3,"Lmono-454-NMIA-1"
"TTA",2,"Lmono-454-NMIA-1"
"TTG",11,"Lmono-454-NMIA-1"
"ACCGATTGCG",1,"Ecoli-LGC-Sanger-Clones.csv"
"ACCGATTGTA",11,"Ecoli-LGC-Sanger-Clones.csv"
"ACCGATTGTG",11,"Ecoli-LGC-Sanger-Clones.csv"
"GGTAGAATCG",1,"Ecoli-LGC-Sanger-Clones.csv"
"ACCGATTGTA",10,"Ecoli-NIST-Sanger-Clones.csv"
"ACCGATTGTG",16,"Ecoli-NIST-Sanger-Clones.csv"
"GGTAGAATCA",2,"Ecoli-NIST-Sanger-Clones.csv"
"GGTAGAATCG",1,"Ecoli-NIST-Sanger-Clones.csv"
"GCG",6,"Lmono-LGC-Sanger-Clones.csv"
"GTA",3,"Lmono-LGC-Sanger-Clones.csv"
"GTG",10,"Lmono-LGC-Sanger-Clones.csv"
"TCG",3,"Lmono-LGC-Sanger-Clones.csv"
"GCA",2,"Lmono-NIST-Sanger-Clones.csv"
"GCG",8,"Lmono-NIST-Sanger-Clones.csv"
"GTA",4,"Lmono-NIST-Sanger-Clones.csv"
"GTG",15,"Lmono-NIST-Sanger-Clones.csv"
"TCA",1,"Lmono-NIST-Sanger-Clones.csv"
"TCG",6,"Lmono-NIST-Sanger-Clones.csv"
